TV,radio,newspaper,sales
112.36,32.1,10.31,13.32
285.21,4.21,90.26,16.72
219.6,8.08,50.53,14.81
179.6,44.93,82.65,18.92
46.81,30.32,32.0,10.28
46.8,0.46,89.55,4.83
17.43,5.07,38.92,7.52
259.85,33.18,1.08,20.72
180.33,0.25,90.54,11.41
212.42,8.04,9.13,14.37
6.18,27.44,31.93,8.46
290.97,34.59,95.01,23.2
249.73,32.6,95.06,21.98
63.7,11.21,57.34,9.48
54.55,35.61,63.18,11.99
55.02,11.86,44.84,7.46
91.27,16.27,29.32,10.06
157.43,37.32,32.87,14.43
129.58,32.48,67.25,13.67
87.37,42.46,75.24,17.12
183.56,32.88,79.16,20.1
41.85,28.42,78.96,10.65
87.64,4.68,9.12,8.59
109.91,18.39,49.44,12.22
136.82,13.26,5.76,15.31
235.55,12.2,54.95,17.8
59.9,48.65,44.15,14.83
154.27,19.65,88.77,13.4
177.72,44.6,35.09,17.52
13.94,31.56,11.71,9.69
182.26,39.74,14.3,17.62
51.16,25.13,76.15,9.03
19.52,28.85,61.82,9.04
284.67,24.63,10.11,19.07
289.69,9.76,8.41,19.92
242.52,36.12,70.1,22.31
91.38,14.04,7.28,9.72
29.3,1.22,82.19,7.3
205.27,32.27,70.62,18.99
132.05,8.86,8.13,9.6
36.61,47.02,8.48,15.04
148.55,47.7,98.66,20.1
10.32,45.74,37.43,10.9
272.8,18.51,37.06,18.82
77.63,0.77,81.28,6.56
198.76,46.42,94.72,19.78
93.51,21.41,98.6,13.36
156.02,48.33,75.34,21.92
164.01,48.18,37.63,17.83
55.46,42.65,8.35,13.95
290.88,14.72,77.71,18.89
232.54,19.25,55.84,17.02
281.85,42.56,42.42,23.14
268.45,15.85,90.64,17.98
179.37,8.47,11.12,12.79
276.56,27.84,49.26,20.05
26.55,46.81,1.14,12.96
58.79,34.8,46.87,12.41
13.57,28.5,5.63,8.52
97.6,4.86,11.88,7.32
116.6,30.75,11.75,13.23
81.4,49.5,64.92,17.26
248.62,7.0,74.6,16.95
107.03,25.92,58.34,12.01
84.28,43.87,96.22,15.96
162.81,37.04,37.49,18.34
42.28,34.85,28.57,9.52
240.66,35.12,86.86,21.85
22.37,17.97,22.36,6.72
296.07,14.68,96.32,20.81
231.67,40.47,1.22,19.81
59.61,40.51,96.99,11.97
1.66,43.35,4.32,8.98
244.64,45.66,89.11,23.35
212.06,25.57,52.77,18.09
218.7,25.08,99.3,17.46
231.38,39.91,7.38,21.45
22.21,32.5,55.39,8.52
107.54,35.1,96.93,15.24
34.76,39.79,52.31,10.9
258.93,44.5,62.94,22.64
186.99,16.9,69.57,15.35
99.27,18.78,45.45,10.36
19.07,4.7,62.76,5.0
93.29,28.91,58.43,14.31
97.55,1.8,90.12,8.1
218.88,23.28,4.54,18.1
191.27,27.13,28.1,15.47
266.16,14.33,95.04,19.33
141.66,29.54,89.03,17.49
35.88,1.53,45.57,2.47
213.97,1.87,62.01,12.75
228.24,41.13,27.74,21.7
168.38,18.01,18.81,13.8
231.29,6.35,46.37,15.55
148.14,26.11,35.34,14.07
156.82,38.5,58.37,17.79
128.26,10.79,7.77,10.62
7.63,31.14,97.44,11.52
32.37,4.27,98.62,6.71
9.43,2.58,69.82,5.13
190.92,26.57,53.61,16.52
94.31,27.03,30.95,11.9
152.57,31.87,81.38,16.06
272.27,36.3,68.47,23.08
74.79,48.79,16.26,14.84
123.11,25.82,91.09,14.63
226.67,16.15,82.25,19.58
68.64,39.76,94.98,15.43
23.09,13.54,72.57,6.96
86.93,21.95,61.34,13.04
48.37,3.92,41.82,5.89
278.91,1.27,93.27,14.45
242.44,48.13,86.61,22.4
190.02,41.8,4.52,16.88
261.44,34.8,2.64,20.64
241.1,20.45,37.65,18.0
55.97,8.66,81.06,10.06
267.77,7.82,98.73,18.03
161.8,12.51,15.04,12.45
242.23,27.46,59.41,20.55
268.83,35.73,38.09,19.33
95.4,33.01,96.99,14.68
33.02,14.0,84.21,8.94
68.38,47.74,83.83,13.9
128.13,36.89,46.87,17.34
245.4,27.72,41.48,19.94
258.22,30.59,27.34,19.96
2.09,20.98,5.64,7.7
153.22,12.39,86.47,15.89
125.22,17.8,81.29,13.03
66.63,37.89,99.97,14.32
35.96,0.72,99.66,5.39
101.28,5.8,55.54,8.25
282.87,2.3,76.9,18.06
96.96,2.04,94.48,7.84
155.64,42.77,84.96,18.81
210.91,35.18,24.73,18.55
109.09,23.71,45.05,13.29
291.53,4.89,12.92,17.55
288.73,24.58,95.41,22.81
75.53,23.67,60.62,10.78
149.17,8.66,22.86,11.22
90.26,21.69,67.17,10.6
85.45,19.93,61.81,10.64
11.07,30.79,35.82,9.92
182.87,31.75,11.36,17.99
150.8,2.27,67.16,9.89
15.44,18.73,52.03,8.73
83.59,31.29,77.23,14.95
272.48,25.16,52.02,20.91
71.87,42.82,85.22,17.22
43.47,32.93,55.19,10.62
146.84,8.15,56.09,10.25
295.7,3.53,87.67,15.86
72.62,32.12,40.35,14.33
201.64,1.33,13.4,13.26
228.49,29.29,2.88,18.52
71.29,47.01,75.51,15.91
218.46,28.77,62.03,17.4
110.33,19.41,70.41,15.24
189.69,32.16,21.3,17.74
190.06,22.91,13.64,15.97
160.73,27.28,1.45,16.03
27.09,47.07,35.06,13.69
250.59,19.31,58.99,18.73
96.23,48.06,39.22,15.5
55.96,45.27,43.75,14.76
12.23,9.79,90.42,8.66
177.27,3.47,34.83,13.63
203.27,5.04,51.4,15.58
4.98,0.91,78.37,3.71
153.63,4.72,39.65,10.05
67.95,34.15,62.21,12.8
193.55,3.56,86.24,13.45
52.31,15.95,94.95,10.68
207.28,42.24,14.71,18.08
116.02,1.16,92.66,11.38
281.02,40.72,49.21,23.38
41.26,14.09,25.82,7.19
102.32,5.91,45.91,8.0
34.04,34.84,98.0,9.99
277.41,31.45,49.26,22.72
263.2,43.87,32.88,23.22
77.38,36.75,63.34,12.31
198.0,40.17,24.01,17.88
245.17,14.1,7.59,16.26
166.56,8.87,12.89,14.25
158.9,37.53,12.8,16.75
72.56,40.34,15.19,11.91
27.93,49.53,13.88,13.04
269.16,20.63,64.09,19.27
270.13,18.6,18.19,15.49
189.93,38.82,34.57,18.88
101.71,17.04,89.68,11.44
104.76,46.54,47.4,17.5
217.79,42.92,66.76,23.55
269.13,21.45,17.23,20.53
266.13,37.54,19.23,21.64
233.96,37.73,4.09,19.04
